City_ID,City,Cloudiness,Country,Date,Humidity,Lat,Lng,Max Temp,Wind Speed
0,Faanui,63,PF,2021-04-20 23:39:26,71,-16.4833,-151.75,81.73,9.17
1,Atuona,4,PF,2021-04-20 23:39:26,74,-9.8,-139.0333,80.51,17.36
2,East London,60,ZA,2021-04-20 23:39:27,84,-33.0153,27.9116,65.71,12.39
3,Truckee,1,US,2021-04-20 23:39:27,23,39.328,-120.1833,62.6,17.27
4,Saskylakh,92,RU,2021-04-20 23:39:28,95,71.9167,114.0833,-2.99,2.15
5,Barrow,1,US,2021-04-20 23:39:28,68,71.2906,-156.7887,19.4,16.11
6,Kodiak,90,US,2021-04-20 23:39:28,81,57.79,-152.4072,44.6,11.5
7,Magistralnyy,100,RU,2021-04-20 23:39:29,70,56.1725,107.4458,23.52,2.71
8,Tuktoyaktuk,90,CA,2021-04-20 23:39:29,86,69.4541,-133.0374,17.6,33.38
9,Rikitea,29,PF,2021-04-20 23:39:30,72,-23.1203,-134.9692,77.9,4.09
10,Rabaul,100,PG,2021-04-20 23:39:30,70,-4.1967,152.1721,83.16,3.91
11,Albany,98,US,2021-04-20 23:39:30,50,42.6001,-73.9662,51.01,7.16
12,Pisco,0,PE,2021-04-20 23:39:31,83,-13.7,-76.2167,68.0,24.16
13,Vila Velha,75,BR,2021-04-20 23:36:53,88,-20.3297,-40.2925,79.0,2.3
14,Jamestown,90,US,2021-04-20 23:34:52,55,42.097,-79.2353,37.99,6.91
15,Georgetown,20,MY,2021-04-20 23:35:43,89,5.4112,100.3354,80.01,2.3
16,Cherskiy,39,RU,2021-04-20 23:39:32,79,68.75,161.3,35.56,22.06
17,Lorengau,100,PG,2021-04-20 23:39:32,73,-2.0226,147.2712,84.94,10.22
18,Clyde River,20,CA,2021-04-20 23:39:33,92,70.4692,-68.5914,3.2,8.05
19,Cabo San Lucas,1,MX,2021-04-20 23:39:33,50,22.8909,-109.9124,80.01,10.36
20,Satana,80,IN,2021-04-20 23:39:33,36,20.5833,74.2,75.74,6.69
21,Avanigadda,51,IN,2021-04-20 23:39:34,77,16.0215,80.9181,82.18,6.11
22,Rawlins,20,US,2021-04-20 23:39:34,37,41.7911,-107.2387,32.0,5.75
23,Dingle,100,PH,2021-04-20 23:39:35,70,10.9995,122.6711,83.26,9.06
24,Bucerias,1,MX,2021-04-20 23:35:31,69,20.75,-105.3333,81.0,14.97
25,Hambantota,20,LK,2021-04-20 23:39:35,100,6.1241,81.1185,77.0,2.3
26,Butaritari,91,KI,2021-04-20 23:39:36,76,3.0707,172.7902,82.11,18.61
27,Oum Hadjer,3,TD,2021-04-20 23:39:36,7,13.2954,19.6966,85.21,10.27
28,Nikolskoye,0,RU,2021-04-20 23:39:36,56,59.7035,30.7861,42.01,8.95
29,Vaini,20,TO,2021-04-20 23:39:37,79,-21.2,-175.2,84.2,5.75
30,Mar Del Plata,20,AR,2021-04-20 23:39:37,88,-38.0023,-57.5575,68.0,12.66
31,Cape Town,68,ZA,2021-04-20 23:38:56,88,-33.9258,18.4232,60.01,5.75
32,Darnah,0,LY,2021-04-20 23:39:38,74,32.767,22.6367,57.78,12.93
33,Manoel Urbano,75,BR,2021-04-20 23:39:38,95,-8.8389,-69.2597,73.94,2.75
34,Grindavik,75,IS,2021-04-20 23:39:39,87,63.8424,-22.4338,35.6,8.05
35,Puerto Ayora,20,EC,2021-04-20 23:39:39,74,-0.7393,-90.3518,82.4,14.97
36,Qaanaaq,96,GL,2021-04-20 23:39:40,70,77.484,-69.3632,-1.62,6.87
37,Lebu,100,CL,2021-04-20 23:39:40,94,-37.6167,-73.65,55.49,4.25
38,Port Alfred,89,ZA,2021-04-20 23:39:40,83,-33.5906,26.891,66.02,12.82
39,Mataura,22,NZ,2021-04-20 23:39:41,81,-46.1927,168.8643,57.0,7.0
40,Khatanga,100,RU,2021-04-20 23:39:41,97,71.9667,102.5,-3.19,3.13
41,Torbay,90,CA,2021-04-20 23:39:42,93,47.6666,-52.7314,37.0,16.11
42,Pacific Grove,90,US,2021-04-20 23:39:42,71,36.6177,-121.9166,55.4,17.27
43,Hervey Bay,75,AU,2021-04-20 23:39:43,64,-25.2986,152.8535,80.01,9.22
44,Avarua,40,CK,2021-04-20 23:39:43,74,-21.2078,-159.775,80.6,11.5
45,Yellowknife,1,CA,2021-04-20 23:37:46,53,62.456,-114.3525,46.4,5.75
46,Teslic,0,BA,2021-04-20 23:39:44,93,44.6064,17.8597,42.8,4.61
47,Mao,0,ES,2021-04-20 23:39:44,88,39.8885,4.2658,55.4,9.22
48,Bonavista,100,CA,2021-04-20 23:39:45,100,48.6499,-53.1147,36.0,5.75
49,Cuamba,100,MZ,2021-04-20 23:39:45,90,-14.8031,36.5372,64.45,6.58
50,Wundanyi,93,KE,2021-04-20 23:39:45,92,-3.4019,38.364,60.1,4.85
51,Saint George,1,US,2021-04-20 23:35:13,9,37.1041,-113.5841,78.01,4.61
52,Sorong,95,ID,2021-04-20 23:39:46,84,-0.8833,131.25,81.07,4.27
53,Atchison,93,US,2021-04-20 23:39:46,47,39.563,-95.1216,46.99,6.58
54,Busselton,3,AU,2021-04-20 23:39:47,78,-33.65,115.3333,56.73,9.64
55,Zheleznodorozhnyy,90,RU,2021-04-20 23:39:47,93,55.7503,38.0042,37.4,11.18
56,Half Moon Bay,90,US,2021-04-20 23:39:48,82,37.4636,-122.4286,57.2,16.11
57,Ushuaia,20,AR,2021-04-20 23:36:07,49,-54.8,-68.3,44.6,6.91
58,Saint-Pierre,75,RE,2021-04-20 23:39:48,88,-21.3393,55.4781,77.0,10.36
59,Dikson,100,RU,2021-04-20 23:39:49,93,73.5069,80.5464,8.92,21.27
60,Ilulissat,33,GL,2021-04-20 23:37:24,67,69.2167,-51.1,17.6,8.05
61,Vardo,0,NO,2021-04-20 23:39:49,53,70.3705,31.1107,44.6,8.05
62,Rio Gallegos,0,AR,2021-04-20 23:39:50,61,-51.6226,-69.2181,46.4,18.41
63,Okhotsk,100,RU,2021-04-20 23:39:50,97,59.3833,143.3,31.46,22.95
64,Serro,100,BR,2021-04-20 23:39:51,76,-18.6047,-43.3794,67.71,3.15
65,Yaan,96,NG,2021-04-20 23:39:51,68,7.3833,8.5667,81.64,10.65
66,Gavle,53,SE,2021-04-20 23:39:51,57,60.6745,17.1417,42.01,1.01
67,Upernavik,96,GL,2021-04-20 23:39:52,86,72.7868,-56.1549,4.01,6.15
68,Hermanus,100,ZA,2021-04-20 23:39:52,90,-34.4187,19.2345,59.0,4.0
69,Neiafu,40,TO,2021-04-20 23:39:53,74,-18.65,-173.9833,84.2,9.22
70,Castro,34,BR,2021-04-20 23:39:53,95,-24.7911,-50.0119,55.69,5.5
71,Kargopol,54,RU,2021-04-20 23:39:54,79,61.5071,38.9456,32.25,5.75
72,Sorland,100,NO,2021-04-20 23:39:54,83,67.667,12.6934,40.12,25.14
73,Luderitz,10,NA,2021-04-20 23:39:54,57,-26.6481,15.1594,69.62,6.96
74,Sinnamary,100,GF,2021-04-20 23:39:55,91,5.3833,-52.95,75.13,11.25
75,Jha Jha,50,IN,2021-04-20 23:39:55,20,24.7667,86.3667,80.4,4.0
76,Port Elizabeth,0,ZA,2021-04-20 23:39:55,94,-33.918,25.5701,60.8,5.75
77,Tasiilaq,20,GL,2021-04-20 23:39:56,68,65.6145,-37.6368,23.0,1.14
78,Mahebourg,75,MU,2021-04-20 23:39:56,94,-20.4081,57.7,77.0,6.91
79,Gijon,62,ES,2021-04-20 23:39:57,82,43.5357,-5.6615,55.99,1.01
80,Orlik,100,RU,2021-04-20 23:39:57,76,52.5178,99.825,20.14,4.41
81,Punta Arenas,0,CL,2021-04-20 23:35:50,75,-53.15,-70.9167,41.0,9.22
82,Radcliff,90,US,2021-04-20 23:35:21,45,37.8404,-85.9491,64.4,13.8
83,Hilo,1,US,2021-04-20 23:39:58,45,19.7297,-155.09,86.0,13.8
84,Chokurdakh,100,RU,2021-04-20 23:39:58,94,70.6333,147.9167,24.82,5.44
85,Hobart,20,AU,2021-04-20 23:39:59,70,-42.8794,147.3294,46.99,8.05
86,Qaqortoq,75,GL,2021-04-20 23:39:59,56,60.7167,-46.0333,37.4,4.61
87,Husavik,75,IS,2021-04-20 23:40:00,56,66.0449,-17.3389,41.0,10.36
88,Dembi Dolo,75,ET,2021-04-20 23:40:00,41,8.5333,34.8,68.29,1.66
89,Psygansu,75,RU,2021-04-20 23:40:00,77,43.4194,43.7936,59.0,4.47
90,Berlevag,83,NO,2021-04-20 23:40:01,81,70.8578,29.0864,41.16,21.65
91,Songjianghe,3,CN,2021-04-20 23:40:01,35,42.1859,127.479,59.86,5.73
92,Pouembout,65,NC,2021-04-20 23:40:02,73,-21.1333,164.9,79.66,3.94
93,Cabedelo,20,BR,2021-04-20 23:40:03,100,-6.9811,-34.8339,78.8,6.91
94,Iguai,85,BR,2021-04-20 23:40:03,95,-14.7564,-40.0892,70.9,3.15
95,Kahului,40,US,2021-04-20 23:40:04,54,20.8947,-156.47,84.2,11.5
96,Coihaique,75,CL,2021-04-20 23:40:04,66,-45.5752,-72.0662,50.0,10.36
97,Mala Vyska,49,UA,2021-04-20 23:40:04,91,48.6431,31.6366,40.37,7.43
98,Samarai,59,PG,2021-04-20 23:40:05,72,-10.6167,150.6667,84.09,10.74
99,Codrington,100,AU,2021-04-20 23:40:05,59,-38.2667,141.9667,52.32,9.15
100,Bandarbeyla,99,SO,2021-04-20 23:40:06,78,9.4942,50.8122,80.96,1.81
101,Abapo,48,BO,2021-04-20 23:40:06,79,-18.8333,-63.4667,68.67,2.53
102,Orichi,5,RU,2021-04-20 23:40:07,70,58.4036,49.0572,31.21,7.94
103,Bredasdorp,100,ZA,2021-04-20 23:40:07,94,-34.5322,20.0403,57.2,4.27
104,Sangar,100,RU,2021-04-20 23:40:08,90,63.9242,127.4739,10.76,5.75
105,Marawi,94,PH,2021-04-20 23:40:08,72,7.9986,124.2928,80.01,4.0
106,Antalaha,99,MG,2021-04-20 23:40:08,93,-14.9003,50.2788,73.74,7.4
107,Gat,1,IL,2021-04-20 23:40:02,100,31.61,34.7642,64.0,2.82
108,Gravdal,99,NO,2021-04-20 23:40:09,85,68.1214,13.5031,40.48,21.18
109,Ola,99,RU,2021-04-20 23:40:09,85,59.5833,151.2833,34.5,25.17
110,North Battleford,1,CA,2021-04-20 23:36:39,22,52.7834,-108.2847,50.0,8.05
111,Pathein,2,MM,2021-04-20 23:40:10,78,16.7833,94.7333,78.73,5.3
112,Portland,20,US,2021-04-20 23:39:36,17,45.5234,-122.6762,75.0,5.75
113,San Policarpo,100,PH,2021-04-20 23:40:11,79,12.1791,125.5072,80.19,7.74
114,Zyryanka,47,RU,2021-04-20 23:40:11,78,65.75,150.85,36.54,28.77
115,Northam,95,GB,2021-04-20 23:40:11,81,51.0333,-4.2167,48.0,1.99
116,Bluff,74,NZ,2021-04-20 23:40:12,82,-46.6,168.3333,57.0,7.0
117,Longyearbyen,75,SJ,2021-04-20 23:40:12,68,78.2186,15.6401,26.6,10.36
118,Hithadhoo,54,MV,2021-04-20 23:40:13,68,-0.6,73.0833,82.13,6.55
119,Port Moresby,20,PG,2021-04-20 23:40:13,66,-9.4431,147.1797,86.0,11.5
120,Bethel,1,US,2021-04-20 23:39:26,35,41.3712,-73.414,69.8,10.36
121,Lubao,90,PH,2021-04-20 23:40:14,89,14.9167,120.55,80.6,2.3
122,Mana,100,GF,2021-04-20 23:40:14,91,5.6592,-53.7767,75.33,10.0
123,Russell,1,US,2021-04-20 23:40:14,33,32.3502,-85.1999,77.0,3.44
124,Strezhevoy,75,RU,2021-04-20 23:40:15,86,60.7333,77.5889,19.4,13.42
125,Talaya,28,RU,2021-04-20 23:40:15,78,61.3833,152.75,33.17,12.46
126,Fort Nelson,40,CA,2021-04-20 23:40:16,15,58.8053,-122.7002,66.2,10.36
127,Vostok,0,RU,2021-04-20 23:40:16,25,46.4856,135.8833,41.0,9.93
128,Te Anau,88,NZ,2021-04-20 23:40:17,64,-45.4167,167.7167,57.92,0.87
129,Abhar,100,IR,2021-04-20 23:40:17,32,36.1468,49.218,64.36,4.92
130,Vila Franca Do Campo,40,PT,2021-04-20 23:40:18,100,37.7167,-25.4333,60.8,12.66
131,Arlit,31,NE,2021-04-20 23:40:18,7,18.7369,7.3853,86.59,7.78
132,Arraial Do Cabo,75,BR,2021-04-20 23:40:18,100,-22.9661,-42.0278,69.8,8.05
133,Dudinka,87,RU,2021-04-20 23:40:19,99,69.4058,86.1778,-16.78,0.92
134,Kapaa,75,US,2021-04-20 23:39:29,69,22.0752,-159.319,78.8,8.05
135,Ambon,40,ID,2021-04-20 23:40:19,83,-3.6954,128.1814,80.6,5.75
136,New Norfolk,16,AU,2021-04-20 23:40:20,73,-42.7826,147.0587,46.0,1.99
137,Kalianget,5,ID,2021-04-20 23:40:20,72,-7.05,113.9333,80.31,7.83
138,Clarksburg,20,US,2021-04-20 23:40:20,34,39.2807,-80.3445,68.0,5.75
139,Bilma,0,NE,2021-04-20 23:40:21,8,18.6853,12.9164,87.13,6.53
140,Ostrovnoy,0,RU,2021-04-20 23:40:21,67,68.0531,39.5131,34.86,18.34
141,Eureka,75,US,2021-04-20 23:40:22,77,40.8021,-124.1637,59.0,4.0
142,Camacha,40,PT,2021-04-20 23:40:22,72,33.0833,-16.3333,64.4,8.05
143,Kabanjahe,40,ID,2021-04-20 23:40:23,100,3.1001,98.4908,75.2,2.3
144,Tynda,82,RU,2021-04-20 23:37:03,71,55.1667,124.7167,27.27,4.56
145,Tiksi,100,RU,2021-04-20 23:40:23,93,71.6872,128.8694,12.83,10.78
146,Baykit,100,RU,2021-04-20 23:40:24,91,61.67,96.37,22.48,4.25
147,Katsuura,0,JP,2021-04-20 23:40:24,37,35.1333,140.3,66.2,14.97
148,Hami,14,CN,2021-04-20 23:40:24,27,42.8,93.45,62.76,9.33
149,Guaruja,72,BR,2021-04-20 23:40:25,26,-23.9931,-46.2564,73.0,1.01
150,Warrnambool,97,AU,2021-04-20 23:40:25,85,-38.3833,142.4833,50.0,4.0
151,Ambikapur,62,IN,2021-04-20 23:40:26,24,23.1167,83.2,77.4,5.03
152,Ayorou,11,NE,2021-04-20 23:40:26,9,14.7308,0.9174,88.03,11.36
153,Mangrul Pir,100,IN,2021-04-20 23:40:26,27,20.3167,77.35,84.54,6.24
154,Eregli,90,TR,2021-04-20 23:40:27,45,37.5133,34.0467,53.33,3.13
155,Zalesovo,70,RU,2021-04-20 23:40:27,84,53.9939,84.7431,18.97,4.54
156,Davila,75,PH,2021-04-20 23:40:28,83,18.4726,120.5763,78.8,23.02
157,Praia,0,CV,2021-04-20 23:40:28,78,14.9215,-23.5087,69.8,10.36
158,Erzin,76,TR,2021-04-20 23:40:28,79,36.9559,36.2,64.0,2.55
159,Petropavlovsk-Kamchatskiy,90,RU,2021-04-20 23:40:29,100,53.0452,158.6483,37.4,6.71
160,Magrath,23,CA,2021-04-20 23:40:29,29,49.4167,-112.8686,50.0,5.75
161,Khandyga,100,RU,2021-04-20 23:40:30,88,62.6667,135.6,17.38,4.68
162,Pangnirtung,78,CA,2021-04-20 23:40:30,89,66.1451,-65.7125,13.44,6.85
163,Yaguajay,80,CU,2021-04-20 23:40:31,49,22.3272,-79.2378,82.29,11.79
164,Kaitangata,9,NZ,2021-04-20 23:40:31,52,-46.2817,169.8464,61.38,3.29
165,Port Shepstone,84,ZA,2021-04-20 23:40:31,81,-30.7414,30.455,66.18,6.24
166,La Ronge,73,CA,2021-04-20 23:40:32,25,55.1001,-105.2842,48.2,6.91
167,Buluang,100,PH,2021-04-20 23:40:32,89,13.3068,123.3425,79.65,8.5
168,Ajdabiya,5,LY,2021-04-20 23:40:33,62,30.7554,20.2263,57.52,9.19
169,Homer,90,US,2021-04-20 23:40:33,58,59.6425,-151.5483,51.8,6.91
170,Thompson,75,CA,2021-04-20 23:40:33,69,55.7435,-97.8558,33.8,16.11
171,Iqaluit,90,CA,2021-04-20 23:40:34,80,63.7506,-68.5145,24.8,19.57
172,Todos Santos,1,MX,2021-04-20 23:40:34,63,23.45,-110.2167,73.99,1.99
173,Abha,0,SA,2021-04-20 23:40:35,54,18.2164,42.5053,60.8,6.22
174,Banposh,23,IN,2021-04-20 23:40:35,64,22.25,84.8,75.54,3.42
175,Ancud,90,CL,2021-04-20 23:40:36,100,-41.8697,-73.8203,48.99,8.7
176,Eyl,88,SO,2021-04-20 23:40:36,78,7.9803,49.8164,81.5,6.87
177,Birjand,0,IR,2021-04-20 23:40:36,30,32.8663,59.2211,51.8,6.91
178,Balikpapan,100,ID,2021-04-20 23:39:09,88,-1.2675,116.8289,77.09,5.93
179,Ust-Koksa,65,RU,2021-04-20 23:40:37,75,50.2696,85.6108,20.91,1.72
180,Rincon,40,US,2021-04-20 23:40:37,53,32.296,-81.2354,73.4,10.36
181,Chicama,40,PE,2021-04-20 23:40:38,88,-7.8447,-79.1469,66.2,10.36
182,Farsund,62,NO,2021-04-20 23:40:38,88,58.0948,6.8047,44.01,19.73
183,Wuan,100,CN,2021-04-20 23:40:38,94,31.6836,112.0044,57.54,8.37
184,Bafoulabe,19,ML,2021-04-20 23:40:39,11,13.8065,-10.8321,94.68,4.09
185,Laela,94,TZ,2021-04-20 23:40:39,96,-8.5667,32.05,58.6,5.73
186,Saint-Philippe,90,RE,2021-04-20 23:40:40,88,-21.3585,55.7679,75.2,5.75
187,Bonfim,54,BR,2021-04-20 23:40:40,50,3.0833,-59.95,81.88,7.09
188,Kavieng,100,PG,2021-04-20 23:40:41,74,-2.5744,150.7967,83.26,6.78
189,Nara,0,JP,2021-04-20 23:40:41,67,34.6851,135.8049,62.01,2.3
190,Severo-Kurilsk,100,RU,2021-04-20 23:40:41,95,50.6789,156.125,34.88,20.8
191,Aklavik,90,CA,2021-04-20 23:40:42,73,68.2191,-135.0107,21.2,16.11
192,Prince Rupert,75,CA,2021-04-20 23:38:53,81,54.3161,-130.3201,48.2,10.36
193,Taywarah,42,AF,2021-04-20 23:40:42,59,33.35,64.4167,38.79,3.94
194,Henties Bay,71,NA,2021-04-20 23:40:43,44,-22.116,14.2845,79.0,5.32
195,Kandrian,95,PG,2021-04-20 23:40:43,69,-6.2167,149.55,84.74,4.79
196,Karratha,11,AU,2021-04-20 23:40:44,43,-20.7377,116.8463,78.69,4.83
197,Beringovskiy,13,RU,2021-04-20 23:40:44,70,63.05,179.3167,29.93,1.39
198,Banamba,1,ML,2021-04-20 23:40:44,14,13.55,-7.45,85.98,6.76
199,Teya,100,RU,2021-04-20 23:40:45,93,60.3778,92.6267,19.69,4.32
200,Muisne,91,EC,2021-04-20 23:40:45,86,0.6,-80.0333,76.91,5.55
201,Meulaboh,89,ID,2021-04-20 23:40:46,85,4.1363,96.1285,77.31,3.22
202,Waingapu,14,ID,2021-04-20 23:40:46,66,-9.6567,120.2641,76.95,4.88
203,Port Lincoln,20,AU,2021-04-20 23:40:46,51,-34.7333,135.8667,57.9,5.17
204,Nizhniy Tsasuchey,1,RU,2021-04-20 23:40:47,27,50.5167,115.1333,58.12,6.76
205,Oranjemund,8,NA,2021-04-20 23:40:47,91,-28.55,16.4333,60.13,3.94
206,Bay City,75,US,2021-04-20 23:39:15,41,43.5945,-83.8889,39.2,10.36
207,Tarpon Springs,90,US,2021-04-20 23:40:48,83,28.1461,-82.7568,75.99,3.44
208,Mae Hong Son,0,TH,2021-04-20 23:40:48,68,19.3003,97.9685,76.03,0.07
209,Tabou,61,CI,2021-04-20 23:40:49,80,4.423,-7.3528,81.32,5.97
210,Namtsy,0,RU,2021-04-20 23:40:49,53,62.7161,129.6658,15.8,2.24
211,West Wendover,1,US,2021-04-20 23:40:50,15,40.7391,-114.0733,59.0,11.5
212,Malakal,86,SS,2021-04-20 23:40:50,31,9.5334,31.6605,87.85,4.18
213,Emba,16,KZ,2021-04-20 23:40:51,48,48.8264,58.1442,31.82,12.55
214,Tuatapere,99,NZ,2021-04-20 23:40:51,82,-46.1333,167.6833,57.0,7.0
215,Ponta Do Sol,81,PT,2021-04-20 23:40:52,62,32.6667,-17.1,60.01,3.0
216,Korla,64,CN,2021-04-20 23:40:52,31,41.7597,86.1469,61.21,2.77
217,Chapais,90,CA,2021-04-20 23:40:53,80,49.7834,-74.8492,24.8,17.27
218,Carnarvon,0,AU,2021-04-20 23:40:53,72,-24.8667,113.6333,62.6,8.05
219,Aasiaat,49,GL,2021-04-20 23:40:53,88,68.7098,-52.8699,11.14,3.29
220,Klaksvik,6,FO,2021-04-20 23:40:54,80,62.2266,-6.589,32.0,6.91
221,Bambous Virieux,75,MU,2021-04-20 23:40:54,94,-20.3428,57.7575,77.0,6.91
222,Xingcheng,67,CN,2021-04-20 23:40:54,67,40.6167,120.7167,54.45,9.46
223,Christchurch,20,NZ,2021-04-20 23:40:55,72,-43.5333,172.6333,61.0,12.66
224,Weiser,1,US,2021-04-20 23:40:55,19,44.251,-116.9693,62.6,4.61
225,Olafsvik,63,IS,2021-04-20 23:40:56,82,64.8945,-23.7142,39.61,11.25
226,Dalbandin,0,PK,2021-04-20 23:40:56,19,28.8947,64.4101,69.31,2.3
227,Bronnoysund,75,NO,2021-04-20 23:40:56,93,65.4625,12.1997,41.0,4.61
228,Jalu,51,LY,2021-04-20 23:40:57,44,29.0331,21.5482,61.47,10.76
229,Alta,10,NO,2021-04-20 23:40:57,52,69.9689,23.2717,41.0,9.22
230,Contamana,98,PE,2021-04-20 23:40:58,71,-7.3333,-75.0167,80.58,4.76
231,San Quintin,28,MX,2021-04-20 23:40:58,68,30.4833,-115.95,63.32,13.58
232,Leningradskiy,53,RU,2021-04-20 23:40:59,72,69.3833,178.4167,35.85,7.52
233,Imbituba,40,BR,2021-04-20 23:40:59,83,-28.24,-48.6703,68.0,12.66
234,Bezhanitsy,100,RU,2021-04-20 23:41:00,88,56.9767,29.8907,41.68,3.31
235,Lompoc,58,US,2021-04-20 23:41:00,71,34.6391,-120.4579,55.4,12.66
236,Adrar,94,MR,2021-04-20 23:41:00,7,20.5022,-10.0711,81.84,8.95
237,Udachnyy,96,RU,2021-04-20 23:41:01,91,66.4167,112.4,8.6,2.3
238,Makaha,90,US,2021-04-20 23:41:01,61,21.4694,-158.2175,80.6,10.36
239,Hasaki,20,JP,2021-04-20 23:41:02,59,35.7333,140.8333,64.99,13.8
240,Ambilobe,95,MG,2021-04-20 23:41:02,97,-13.2,49.05,71.11,4.43
241,Launceston,3,AU,2021-04-20 23:36:10,87,-41.45,147.1667,45.0,3.13
242,Tilichiki,72,RU,2021-04-20 23:41:03,90,60.4667,166.1,28.96,4.36
243,Nuevo Progreso,63,MX,2021-04-20 23:41:03,59,23.1667,-97.95,75.99,8.99
244,Pevek,17,RU,2021-04-20 23:41:03,66,69.7008,170.3133,31.14,21.09
245,Gobabis,0,NA,2021-04-20 23:41:04,37,-22.45,18.9667,59.04,11.3
246,Broken Hill,0,AU,2021-04-20 23:41:04,58,-31.95,141.4333,51.8,10.36
247,Fukue,75,JP,2021-04-20 23:41:05,88,32.6881,128.8419,62.6,3.44
248,Hobyo,95,SO,2021-04-20 23:41:05,72,5.3505,48.5268,83.32,9.26
249,Dargaville,8,NZ,2021-04-20 23:41:05,66,-35.9333,173.8833,69.22,6.44
250,Srednekolymsk,10,RU,2021-04-20 23:41:06,97,67.45,153.6833,36.0,10.74
251,Araouane,19,ML,2021-04-20 23:41:06,5,18.9048,-3.5265,82.08,6.96
252,Chenghai,0,CN,2021-04-20 23:41:07,68,23.4632,116.768,71.6,2.24
253,Victoria,65,HK,2021-04-20 23:39:56,78,22.2855,114.1577,75.0,16.31
254,Macalelon,100,PH,2021-04-20 23:41:07,74,13.7469,122.1386,82.89,9.64
255,Prince George,1,CA,2021-04-20 23:38:13,20,53.9166,-122.753,68.0,4.61
256,Key West,90,US,2021-04-20 23:41:08,83,24.5557,-81.7826,78.8,9.22
257,Ulladulla,0,AU,2021-04-20 23:41:08,47,-35.35,150.4667,59.0,11.5
258,Shenxian,100,CN,2021-04-20 23:41:09,81,36.2411,115.6672,50.43,8.08
259,Provideniya,0,RU,2021-04-20 23:41:09,59,64.3833,-173.3,30.2,4.47
260,Aswan,30,EG,2021-04-20 23:41:10,26,24.0934,32.907,85.78,6.96
261,Esperance,75,AU,2021-04-20 23:41:10,100,-33.8667,121.9,53.6,5.75
262,Sola,35,VU,2021-04-20 23:41:10,76,-13.8833,167.55,83.19,14.36
263,Calabozo,30,VE,2021-04-20 23:41:11,28,8.9242,-67.4293,86.99,4.34
264,Blankenburg,2,DE,2021-04-20 23:41:11,99,51.7833,10.95,44.01,2.48
265,Santa Maria,0,BR,2021-04-20 23:41:12,68,-29.6842,-53.8069,68.0,6.91
266,Fallon,40,US,2021-04-20 23:41:12,9,39.4735,-118.7774,73.4,11.5
267,Marienburg,6,PL,2021-04-20 23:41:12,100,54.0359,19.0266,45.0,3.47
268,Boyolangu,15,ID,2021-04-20 23:41:13,78,-8.1181,111.8935,76.03,0.31
269,Airai,90,TL,2021-04-20 23:41:13,68,-8.9266,125.4092,66.63,0.6
270,Chunskiy,68,RU,2021-04-20 23:41:13,78,56.0815,99.6342,20.59,9.91
271,Taoudenni,35,ML,2021-04-20 23:41:14,11,22.6783,-3.9836,84.54,4.43
272,Tautira,75,PF,2021-04-20 23:41:14,89,-17.7333,-149.15,80.01,10.36
273,Morondava,67,MG,2021-04-20 23:41:15,65,-20.2833,44.2833,76.71,5.19
274,Cidreira,38,BR,2021-04-20 23:41:15,72,-30.1811,-50.2056,70.3,18.12
275,Wajir,92,KE,2021-04-20 23:41:15,71,1.7471,40.0573,80.56,12.93
276,Bayan,7,CN,2021-04-20 23:41:16,17,46.0833,127.4,56.41,7.54
277,Wanning,85,CN,2021-04-20 23:41:16,80,18.8003,110.3967,78.62,8.72
278,Harrismith,8,ZA,2021-04-20 23:41:17,90,-28.2728,29.1295,46.24,2.35
279,Lagoa,100,PT,2021-04-20 23:41:17,90,39.05,-27.9833,61.16,19.01
280,Nanortalik,100,GL,2021-04-20 23:41:17,77,60.1432,-45.2371,35.29,6.93
281,Sabzevar,50,IR,2021-04-20 23:41:18,36,36.2126,57.6819,67.66,1.07
282,Kaabong,84,UG,2021-04-20 23:41:18,79,3.4836,34.1492,64.76,2.98
283,San Andres,20,CO,2021-04-20 23:41:19,74,12.5847,-81.7006,84.2,13.8
284,Buckeye,0,US,2021-04-20 23:41:19,8,33.3703,-112.5838,95.0,13.8
285,Luwuk,95,ID,2021-04-20 23:41:19,75,-0.9516,122.7875,81.86,3.29
286,Odweyne,77,SO,2021-04-20 23:41:20,47,9.4092,45.064,75.67,4.21
287,Inongo,86,CD,2021-04-20 23:41:20,95,-1.95,18.2667,72.88,5.5
288,Ahipara,16,NZ,2021-04-20 23:41:21,76,-35.1667,173.1667,68.05,7.49
289,Ribeira Grande,100,PT,2021-04-20 23:41:21,91,38.5167,-28.7,62.19,13.96
290,Zhigansk,82,RU,2021-04-20 23:41:22,89,66.7697,123.3711,7.56,4.83
291,Lieksa,68,FI,2021-04-20 23:41:22,88,63.3167,30.0167,31.15,4.99
292,Nabire,100,ID,2021-04-20 23:41:23,81,-3.3667,135.4833,80.78,0.65
293,Los Llanos De Aridane,0,ES,2021-04-20 23:41:23,68,28.6585,-17.9182,66.2,6.91
294,Palmer,75,US,2021-04-20 23:41:24,32,42.1584,-72.3287,68.0,8.05
295,Riyadh,0,SA,2021-04-20 23:39:42,23,24.6877,46.7219,77.0,2.66
296,Macenta,84,GN,2021-04-20 23:41:24,97,8.5435,-9.471,69.66,2.04
297,Bathsheba,20,BB,2021-04-20 23:41:26,61,13.2167,-59.5167,78.8,18.41
298,Chuy,3,UY,2021-04-20 23:41:26,82,-33.6971,-53.4616,65.53,11.1
299,Bengkulu,44,ID,2021-04-20 23:41:27,87,-3.8004,102.2655,76.26,3.85
300,Planadas,71,CO,2021-04-20 23:41:27,90,3.197,-75.6451,68.0,3.42
301,Mehamn,70,NO,2021-04-20 23:41:28,79,71.0357,27.8492,40.98,17.58
302,Santa Isabel,20,BR,2021-04-20 23:41:28,82,-23.3156,-46.2214,64.4,6.91
303,Carora,27,VE,2021-04-20 23:41:29,51,10.1755,-70.0827,80.74,11.81
304,Verkhnevilyuysk,99,RU,2021-04-20 23:41:29,86,63.4453,120.3167,13.64,2.06
305,Avera,1,US,2021-04-20 23:41:30,60,33.194,-82.5271,71.6,4.61
306,Maniitsoq,75,GL,2021-04-20 23:41:30,83,65.4167,-52.9,23.05,9.01
307,Ahvaz,0,IR,2021-04-20 23:41:31,43,31.3203,48.6693,75.2,2.3
308,Vestmannaeyjar,25,IS,2021-04-20 23:41:31,68,63.4427,-20.2734,40.08,6.71
309,Ojinaga,1,MX,2021-04-20 23:41:32,10,29.5667,-104.4167,82.4,4.18
310,San Patricio,20,US,2021-04-20 23:41:33,60,28.017,-97.5169,77.0,12.66
311,Vallenar,0,CL,2021-04-20 23:41:33,70,-28.5708,-70.7581,59.07,1.7
312,Salinas,90,US,2021-04-20 23:37:05,71,36.6777,-121.6555,55.4,17.27
313,Ponazyrevo,60,RU,2021-04-20 23:41:34,62,58.3578,46.3142,34.45,10.29
314,Lata,75,PT,2021-04-20 23:41:34,89,40.1629,-8.3327,54.0,1.01
315,Halifax,20,CA,2021-04-20 23:37:46,81,44.6453,-63.5724,53.01,5.57
316,Igrim,91,RU,2021-04-20 23:41:35,95,63.1906,64.4162,29.95,2.75
317,Zhangye,37,CN,2021-04-20 23:41:36,32,38.9342,100.4517,55.35,4.65
318,Souillac,75,MU,2021-04-20 23:41:36,94,-20.5167,57.5167,77.0,6.91
319,Okahandja,10,NA,2021-04-20 23:41:37,58,-21.9833,16.9167,61.0,4.61
320,Aksarka,94,RU,2021-04-20 23:41:37,97,66.5606,67.7975,19.87,6.85
321,Potsdam,11,DE,2021-04-20 23:41:38,67,52.3989,13.0657,46.99,3.94
322,Sioux Lookout,75,CA,2021-04-20 23:41:38,40,50.1001,-91.917,28.4,8.05
323,Kazerun,25,IR,2021-04-20 23:41:38,29,29.6195,51.6541,71.71,1.77
324,Kruisfontein,31,ZA,2021-04-20 23:41:39,93,-34.0033,24.7314,60.01,1.99
325,Lapy,23,PL,2021-04-20 23:41:40,72,52.9911,22.8842,45.0,4.5
326,Balagansk,100,RU,2021-04-20 23:41:40,46,54.0103,103.0544,25.3,9.19
327,Ayan,51,RU,2021-04-20 23:41:40,66,56.45,138.1667,32.02,8.9
328,Swan Hill,0,AU,2021-04-20 23:41:41,42,-35.3378,143.5544,53.8,6.69
329,Namibe,43,AO,2021-04-20 23:41:41,77,-15.1961,12.1522,80.78,2.28
330,Alofi,75,NU,2021-04-20 23:41:41,74,-19.0595,-169.9187,86.0,13.8
331,Mount Gambier,90,AU,2021-04-20 23:41:42,81,-37.8333,140.7667,46.4,10.36
332,Alta Floresta,20,BR,2021-04-20 23:41:42,89,-9.8756,-56.0861,78.8,3.44
333,Filingue,24,NE,2021-04-20 23:41:42,23,14.3521,3.3168,90.73,9.6
334,Paungde,0,MM,2021-04-20 23:41:43,67,18.4833,95.5,81.28,6.33
335,Coremas,90,BR,2021-04-20 23:41:44,75,-7.0144,-37.9458,76.46,1.9
336,Upata,68,VE,2021-04-20 23:41:44,60,8.0086,-62.3989,84.99,5.01
337,Lasa,0,IT,2021-04-20 23:41:44,70,46.6166,10.7002,37.4,3.44
338,Seoul,77,KR,2021-04-20 23:38:13,67,37.5683,126.9778,55.4,2.3
339,Nsanje,100,MW,2021-04-20 23:41:45,95,-16.92,35.262,65.68,2.06
340,Margate,12,GB,2021-04-20 23:41:45,97,51.3813,1.3862,48.99,6.04
341,Necaxa,100,MX,2021-04-20 23:41:46,79,20.2167,-98.0,66.25,5.1
342,Tsivilsk,0,RU,2021-04-20 23:41:46,30,55.8611,47.4664,41.0,17.9
343,Batagay-Alyta,71,RU,2021-04-20 23:41:47,84,67.8006,130.4114,8.55,1.97
344,Norman Wells,90,CA,2021-04-20 23:41:47,69,65.282,-126.8329,32.0,19.57
345,Buin,75,CL,2021-04-20 23:41:48,63,-33.7333,-70.75,64.99,13.8
346,Sao Joao Da Barra,54,BR,2021-04-20 23:41:48,73,-21.6403,-41.0511,72.09,14.47
347,Sur,2,OM,2021-04-20 23:41:49,37,22.5667,59.5289,82.51,9.33
348,Mizan Teferi,97,ET,2021-04-20 23:41:49,56,6.9833,35.5833,67.42,3.22
349,Grootfontein,0,NA,2021-04-20 23:41:50,81,-19.5667,18.1167,48.2,4.0
350,Buala,51,SB,2021-04-20 23:41:50,68,-8.145,159.5921,86.47,5.91
351,Roma,90,US,2021-04-20 23:41:16,57,43.2128,-75.4557,44.6,6.91
352,Iranshahr,0,IR,2021-04-20 23:41:51,15,27.2025,60.6848,76.71,3.83
353,Nichinan,20,JP,2021-04-20 23:41:51,59,31.6,131.3667,62.6,6.91
354,Makanya,93,TZ,2021-04-20 23:41:52,93,-4.3667,37.8333,66.65,5.06
355,Poya,58,NC,2021-04-20 23:41:52,72,-21.35,165.15,79.63,5.14
356,Hofn,14,IS,2021-04-20 23:41:53,43,64.2539,-15.2082,36.91,7.81
357,Geraldton,0,AU,2021-04-20 23:41:53,63,-28.7667,114.6,64.4,13.8
358,Narsaq,75,GL,2021-04-20 23:41:54,56,60.9167,-46.05,37.4,4.61
359,Lodwar,80,KE,2021-04-20 23:41:54,54,3.1191,35.5973,82.87,12.97
360,Bugulma,70,RU,2021-04-20 23:41:55,54,54.55,52.8,33.4,8.88
361,Bafata,12,GW,2021-04-20 23:40:23,57,12.1667,-14.75,78.91,7.67
362,Chulym,100,RU,2021-04-20 23:41:55,90,55.0997,80.9572,25.03,14.79
363,Evensk,96,RU,2021-04-20 23:41:56,82,61.95,159.2333,31.68,12.84
364,Mogadouro,50,PT,2021-04-20 23:41:56,86,41.3403,-6.7119,46.99,1.97
365,Talcahuano,90,CL,2021-04-20 23:41:21,94,-36.7167,-73.1167,57.2,5.75
366,Comodoro Rivadavia,0,AR,2021-04-20 23:40:17,81,-45.8667,-67.5,50.0,6.73
367,Siaya,100,KE,2021-04-20 23:41:57,95,0.0612,34.2882,62.42,3.76
368,Ziway,87,ET,2021-04-20 23:41:01,47,7.9333,38.7167,67.51,7.31
369,Haines Junction,51,CA,2021-04-20 23:41:58,43,60.7522,-137.5108,48.2,10.36
370,Roald,90,NO,2021-04-20 23:41:59,93,62.5833,6.1333,37.4,9.22
371,Antalya,0,TR,2021-04-20 23:41:59,82,36.7741,30.7178,55.4,5.75
372,Komsomolskiy,75,UZ,2021-04-20 23:42:00,82,40.4272,71.7189,55.4,9.22
373,Tifton,1,US,2021-04-20 23:42:00,35,31.4505,-83.5085,75.2,3.44
374,Knysna,0,ZA,2021-04-20 23:42:01,100,-34.0363,23.0471,57.2,3.44
375,Fairbanks,1,US,2021-04-20 23:41:13,33,64.8378,-147.7164,45.0,10.36
376,Walvis Bay,14,NA,2021-04-20 23:42:01,44,-22.9575,14.5053,79.0,3.36
377,Kathu,20,TH,2021-04-20 23:42:02,100,7.9178,98.3332,84.0,1.14
378,Carutapera,99,BR,2021-04-20 23:42:02,91,-1.195,-46.02,75.25,3.78
379,Iwo,85,NG,2021-04-20 23:42:03,94,7.6333,4.1833,75.38,2.95
380,Farmington,1,US,2021-04-20 23:41:47,14,36.7281,-108.2187,60.8,17.27
381,Verkh-Usugli,74,RU,2021-04-20 23:42:03,38,52.7,115.1667,46.36,2.77
382,Ponta Delgada,40,PT,2021-04-20 23:42:04,100,37.7333,-25.6667,60.8,12.66
383,Campbell River,20,CA,2021-04-20 23:37:30,34,50.0163,-125.2446,68.0,3.44
384,Wasilla,20,US,2021-04-20 23:37:50,47,61.5814,-149.4394,57.2,4.61
385,Sistranda,75,NO,2021-04-20 23:42:04,93,63.7256,8.834,39.2,12.66
386,Saint-Joseph,90,RE,2021-04-20 23:42:05,88,-21.3667,55.6167,75.2,5.75
387,Novominskaya,72,RU,2021-04-20 23:42:06,86,46.3163,38.9586,49.06,18.37
388,Rocafuerte,40,EC,2021-04-20 23:42:06,83,-0.9167,-80.4333,78.8,11.5
389,Mahajanga,20,MG,2021-04-20 23:42:06,83,-15.7167,46.3167,75.2,3.44
390,Gopalpur,0,IN,2021-04-20 23:42:07,92,19.2667,84.9167,79.14,13.33
391,Hearst,100,CA,2021-04-20 23:42:07,73,49.6835,-83.6665,17.6,4.61
392,Hokitika,71,NZ,2021-04-20 23:42:08,63,-42.7167,170.9667,60.08,7.99
393,Kupang,56,ID,2021-04-20 23:42:08,77,-10.1667,123.5833,78.84,3.11
394,Laguna,1,US,2021-04-20 23:42:09,35,38.421,-121.4238,73.99,13.8
395,Muriwai Beach,21,NZ,2021-04-20 23:42:09,82,-36.8167,174.45,68.0,3.0
396,Gizo,23,SB,2021-04-20 23:42:09,71,-8.103,156.8419,84.76,4.38
397,Kaeo,25,NZ,2021-04-20 23:42:10,83,-35.1,173.7833,69.01,8.99
398,Los Chiles,100,CR,2021-04-20 23:42:11,92,11.0333,-84.7167,76.08,3.0
399,Goderich,100,CA,2021-04-20 23:42:11,55,43.7501,-81.7165,35.6,4.61
400,Puerto Escondido,40,MX,2021-04-20 23:42:11,74,15.85,-97.0667,84.2,4.61
401,Washougal,1,US,2021-04-20 23:41:08,18,45.5826,-122.3534,73.99,12.66
402,Merauke,100,ID,2021-04-20 23:42:12,91,-8.4667,140.3333,76.46,13.02
403,Spornoye,75,RU,2021-04-20 23:42:13,100,50.8448,37.2913,39.2,11.18
404,Oxnard,40,US,2021-04-20 23:41:23,67,34.1975,-119.177,66.2,10.36
405,Hirara,75,JP,2021-04-20 23:37:25,88,24.8,125.2833,73.4,16.11
406,Pederneiras,0,BR,2021-04-20 23:42:14,73,-22.3517,-48.775,69.8,9.22
407,Simbahan,100,PH,2021-04-20 23:42:15,77,6.3032,120.5836,82.49,10.49
408,Manicore,0,BR,2021-04-20 23:42:15,83,-5.8092,-61.3003,82.4,0.72
409,Fortuna,90,US,2021-04-20 23:41:44,93,40.5982,-124.1573,54.0,18.41
410,Kavaratti,89,IN,2021-04-20 23:42:16,71,10.5669,72.642,83.25,6.26
411,Canalete,65,CO,2021-04-20 23:42:17,83,8.6761,-76.2042,79.29,8.95
412,Tessalit,95,ML,2021-04-20 23:42:17,6,20.1986,1.0114,82.51,6.33
413,Kieta,34,PG,2021-04-20 23:42:18,74,-6.2167,155.6333,84.6,3.8
414,Honningsvag,6,NO,2021-04-20 23:42:18,81,70.9821,25.9704,40.68,21.61
415,Porto Novo,40,BJ,2021-04-20 23:42:18,79,6.4965,2.6036,84.2,10.36
416,Urumqi,0,CN,2021-04-20 23:42:19,50,43.801,87.6005,53.6,6.71
417,Espanola,75,US,2021-04-20 23:42:19,25,35.9911,-106.0806,54.0,14.97
418,Kudahuvadhoo,52,MV,2021-04-20 23:42:20,68,2.6708,72.8944,82.02,6.55
419,Kungurtug,100,RU,2021-04-20 23:42:20,93,50.5994,97.5228,23.32,3.44
420,Wainwright,82,CA,2021-04-20 23:42:21,17,52.839,-110.8572,53.6,9.22
421,Jamsa,0,FI,2021-04-20 23:42:21,60,61.8642,25.19,35.6,4.61
422,Faya,0,SA,2021-04-20 23:42:21,54,18.3851,42.4509,60.8,6.22
423,Shimoda,0,JP,2021-04-20 23:42:22,42,34.6667,138.95,66.2,16.11
424,Alyangula,85,AU,2021-04-20 23:42:22,94,-13.8483,136.4192,82.4,7.16
425,Chase,20,CA,2021-04-20 23:38:27,22,50.8165,-119.6857,70.0,3.44
426,Acarau,65,BR,2021-04-20 23:37:49,82,-2.8856,-40.12,77.88,8.16
427,Flagstaff,1,US,2021-04-20 23:40:53,12,35.1981,-111.6513,66.99,18.41
428,Port-Gentil,20,GA,2021-04-20 23:39:57,94,-0.7193,8.7815,80.6,2.3
429,Constitucion,100,CL,2021-04-20 23:42:23,90,-35.3333,-72.4167,58.39,20.96
430,Lerik,40,AZ,2021-04-20 23:42:24,100,38.7726,48.4128,60.8,2.3
431,Stabat,40,ID,2021-04-20 23:42:24,100,3.761,98.4513,75.2,2.3
432,Guerrero Negro,3,MX,2021-04-20 23:42:25,59,27.9769,-114.0611,67.35,16.53
433,Marovoay,20,MG,2021-04-20 23:42:25,83,-16.1,46.6333,75.2,3.44
434,Port Keats,83,AU,2021-04-20 23:42:25,51,-14.25,129.55,85.15,5.48
435,Dhidhdhoo,94,MV,2021-04-20 23:42:26,72,6.8833,73.1,83.66,8.19
436,Abu Samrah,42,SY,2021-04-20 23:42:26,48,35.3029,37.1841,65.26,5.19
437,Matay,0,EG,2021-04-20 23:42:27,49,28.419,30.7792,65.16,22.35
438,Payo,80,ID,2021-04-20 23:42:27,94,-3.7508,103.6372,72.99,1.77
439,Kijini,40,TZ,2021-04-20 23:42:28,89,-5.85,39.3167,78.8,16.11
440,Kebumen,0,ID,2021-04-20 23:42:28,76,-7.6687,109.6519,76.69,4.07
441,Varzelandia,98,BR,2021-04-20 23:42:29,81,-15.7014,-44.0275,69.4,2.73
442,Paldiski,0,EE,2021-04-20 23:42:29,61,59.3567,24.0531,42.8,5.75
443,Podor,0,MR,2021-04-20 23:42:29,47,16.6527,-14.9587,82.4,6.91
444,Kutum,2,SD,2021-04-20 23:42:30,9,14.2,24.6667,75.85,10.51
445,Bela,100,IN,2021-04-20 23:42:31,20,25.9333,81.9833,86.25,1.05
446,Naze,40,JP,2021-04-20 23:42:31,68,28.3667,129.4833,69.8,17.27
447,Lavrentiya,94,RU,2021-04-20 23:42:32,70,65.5833,-171.0,31.55,7.4
448,Machico,40,PT,2021-04-20 23:42:32,63,32.7,-16.7667,64.4,4.61
449,Carnot,95,CF,2021-04-20 23:42:33,94,4.9409,15.8665,70.79,1.72
450,Tabas,1,IR,2021-04-20 23:42:33,25,33.5959,56.9244,72.16,2.15
451,Orumiyeh,75,IR,2021-04-20 23:37:56,66,37.5527,45.0761,53.6,4.61
452,Nome,1,US,2021-04-20 23:42:34,52,64.5011,-165.4064,37.4,3.44
453,Les Ponts-De-Ce,10,FR,2021-04-20 23:42:34,79,47.4231,-0.5248,46.99,5.32
454,Azangaro,16,PE,2021-04-20 23:42:35,68,-14.9167,-70.2167,41.59,5.44
455,Mangaratiba,20,BR,2021-04-20 23:42:35,69,-22.9597,-44.0406,75.2,14.97
456,San Cristobal,40,VE,2021-04-20 23:42:36,62,7.7669,-72.225,86.0,8.05
457,Rawson,100,AR,2021-04-20 23:40:42,89,-43.3002,-65.1023,59.79,10.65
458,Porto Velho,20,BR,2021-04-20 23:42:36,94,-8.7619,-63.9039,77.0,1.74
459,Mayumba,75,GA,2021-04-20 23:42:36,85,-3.432,10.6554,77.81,3.18
460,Uige,99,AO,2021-04-20 23:42:37,91,-7.6087,15.0613,66.58,3.87
461,Saldanha,86,ZA,2021-04-20 23:41:28,72,-33.0117,17.9442,60.8,1.14
462,Priargunsk,2,RU,2021-04-20 23:42:38,35,50.3691,119.1012,55.24,8.97
463,Divo,59,CI,2021-04-20 23:42:39,98,5.8397,-5.36,74.8,2.53
464,Great Yarmouth,40,GB,2021-04-20 23:42:39,93,52.6083,1.7305,43.0,7.07
465,Dalvik,75,IS,2021-04-20 23:42:40,56,65.9702,-18.5286,41.0,10.36
466,Dayong,0,CN,2021-04-20 23:42:40,56,25.0209,118.2898,73.4,4.47
467,Znamenskoye,51,RU,2021-04-20 23:42:41,89,57.1281,73.8282,26.31,8.84
468,Hilsa,20,IN,2021-04-20 23:42:41,64,25.3167,85.2833,75.2,5.75
469,Nadvoitsy,85,RU,2021-04-20 23:42:41,88,63.8667,34.3167,31.75,5.68
470,Metro,45,ID,2021-04-20 23:42:42,88,-5.1131,105.3067,75.99,2.26
471,Beloha,76,MG,2021-04-20 23:42:43,77,-25.1667,45.05,70.07,13.44
472,Pak Phanang,20,TH,2021-04-20 23:42:43,94,8.3511,100.202,77.0,2.3
473,Turukhansk,24,RU,2021-04-20 23:42:43,94,65.8167,87.9833,5.72,5.73
474,Fairlie,75,GB,2021-04-20 23:42:44,87,55.756,-4.8556,44.6,5.75
475,Norrtalje,0,SE,2021-04-20 23:42:44,48,59.758,18.705,41.0,8.05
476,Miandrivazo,91,MG,2021-04-20 23:42:45,76,-19.5167,45.4667,75.52,2.75
477,Conde,20,BR,2021-04-20 23:42:45,100,-7.2597,-34.9075,78.8,6.91
478,Balykshi,75,KZ,2021-04-20 23:42:46,27,47.0667,51.8667,50.0,24.61
479,Taperoa,99,BR,2021-04-20 23:42:46,70,-7.2075,-36.8267,75.36,5.08
480,Santa Vitoria Do Palmar,6,BR,2021-04-20 23:42:47,82,-33.5189,-53.3681,65.98,11.34
481,Sakakah,0,SA,2021-04-20 23:42:21,14,29.9697,40.2064,75.2,9.22
482,Pasighat,9,IN,2021-04-20 23:42:47,61,28.0667,95.3333,67.05,4.07
483,Havre-Saint-Pierre,90,CA,2021-04-20 23:42:48,87,50.2334,-63.5986,39.2,5.75
484,Altamira,94,BR,2021-04-20 23:42:48,97,-3.2033,-52.2064,73.15,2.26
485,Oussouye,0,SN,2021-04-20 23:42:48,83,12.485,-16.5469,75.2,6.91
486,Poum,90,NC,2021-04-20 23:42:49,79,-20.2333,164.0167,78.84,9.28
487,Deputatskiy,100,RU,2021-04-20 23:42:49,85,69.3,139.9,17.01,2.08
488,Hanmer Springs,100,NZ,2021-04-20 23:42:50,82,-42.5167,172.8167,53.69,1.05
489,Pishin,0,PK,2021-04-20 23:42:50,46,30.5803,66.9961,58.06,3.96
490,Spassk-Ryazanskiy,100,RU,2021-04-20 23:42:51,100,54.4072,40.3806,37.0,16.91
491,Nova Olimpia,4,BR,2021-04-20 23:42:51,80,-14.7972,-57.2881,75.36,3.09
492,Brainerd,90,US,2021-04-20 23:42:52,35,46.358,-94.2008,37.4,11.5
493,Salalah,0,OM,2021-04-20 23:40:02,74,17.0151,54.0924,82.4,3.44
494,Kousseri,32,CM,2021-04-20 23:42:52,12,12.0769,15.0306,86.88,9.44
495,Xining,80,CN,2021-04-20 23:40:12,47,36.6167,101.7667,48.42,0.69
496,Vuktyl,39,RU,2021-04-20 23:42:53,96,63.8567,57.3094,28.71,2.24
497,Miri,20,MY,2021-04-20 23:42:54,94,4.4148,114.0089,75.2,3.44
498,Askiz,71,RU,2021-04-20 23:42:54,53,53.1319,90.5264,23.34,3.6
499,Cochabamba,20,BO,2021-04-20 23:42:55,32,-17.3895,-66.1568,69.8,4.61
500,Santa Isabel Do Rio Negro,83,BR,2021-04-20 23:42:55,95,-0.4139,-65.0192,73.62,2.08
501,Port Hardy,40,CA,2021-04-20 23:40:00,71,50.6996,-127.4199,53.6,18.41
502,Sao Filipe,100,CV,2021-04-20 23:42:56,73,14.8961,-24.4956,72.93,9.44
503,Bento Goncalves,5,BR,2021-04-20 23:42:56,66,-29.1714,-51.5192,64.0,3.0
504,Le Port,40,RE,2021-04-20 23:40:22,78,-20.9373,55.2919,77.0,13.8
505,Agirish,18,RU,2021-04-20 23:42:57,97,61.9247,63.0231,27.07,2.84
506,Paka,40,MY,2021-04-20 23:42:58,94,4.6374,103.4368,77.0,4.9
507,Puerto Del Rosario,75,ES,2021-04-20 23:42:58,77,28.5004,-13.8627,66.2,16.11
508,Jamame,76,SO,2021-04-20 23:42:59,83,0.0722,42.7506,78.85,7.56
509,Bansang,15,GM,2021-04-20 23:42:59,22,13.4333,-14.65,86.16,6.96
510,Manta,40,EC,2021-04-20 23:43:00,83,-0.95,-80.7333,78.8,11.5
511,Teruel,0,ES,2021-04-20 23:43:00,100,40.6667,-0.6667,51.8,1.14
512,Ekibastuz,4,KZ,2021-04-20 23:43:01,42,51.6667,75.3667,25.52,9.35
513,Yulara,0,AU,2021-04-20 23:43:01,34,-25.2406,130.9889,62.6,8.05
514,Nantucket,1,US,2021-04-20 23:42:19,71,41.2835,-70.0995,51.8,16.11
515,Inhambane,16,MZ,2021-04-20 23:43:02,87,-23.865,35.3833,69.24,6.76
516,Mahibadhoo,39,MV,2021-04-20 23:43:02,67,3.7833,72.9667,82.71,7.56
517,Vytegra,100,RU,2021-04-20 23:43:03,74,61.0064,36.4481,36.03,7.34
518,Mangrol,100,IN,2021-04-20 23:43:03,82,21.1167,70.1167,79.34,11.34
519,Mocuba,100,MZ,2021-04-20 23:43:04,98,-16.8392,36.9856,65.64,4.45
520,Ocampo,0,MX,2021-04-20 23:43:04,8,21.65,-101.5,75.76,16.24
521,Wagga Wagga,13,AU,2021-04-20 23:43:05,81,-35.1167,147.3667,51.01,2.3
522,Caravelas,91,BR,2021-04-20 23:43:05,92,-17.7125,-39.2481,72.99,0.96
523,Grafton,75,US,2021-04-20 23:43:05,36,42.207,-71.6856,64.4,11.5
524,Tarsus,75,TR,2021-04-20 23:43:06,82,36.9188,34.8784,62.6,4.61
525,Salta,40,AR,2021-04-20 23:40:29,83,-24.7859,-65.4117,68.0,4.61
526,Mount Isa,4,AU,2021-04-20 23:43:07,31,-20.7333,139.5,78.8,9.22
527,Kristiinankaupunki,32,FI,2021-04-20 23:43:07,78,62.2743,21.376,38.93,7.56
528,Gimli,100,CA,2021-04-20 23:42:06,64,50.6336,-96.9907,30.2,5.75
529,Wenling,47,CN,2021-04-20 23:43:08,68,28.3669,121.36,66.99,2.59
530,Dukat,99,RU,2021-04-20 23:43:08,84,62.55,155.55,26.15,8.55
531,Natal,20,BR,2021-04-20 23:43:09,78,-5.795,-35.2094,80.6,8.05
532,Atambua,73,ID,2021-04-20 23:43:09,73,-9.1061,124.8925,75.92,0.94
533,Contai,0,IN,2021-04-20 23:43:10,87,21.7786,87.7536,79.84,13.65
534,Nouadhibou,88,MR,2021-04-20 23:43:10,86,20.931,-17.0347,64.78,23.96
535,Tankhoy,100,RU,2021-04-20 23:43:10,92,51.5528,105.1306,27.97,8.5
536,Krasnyy Yar,100,RU,2021-04-20 23:43:11,55,46.5331,48.3456,60.8,6.71
537,Paita,68,PE,2021-04-20 23:43:12,73,-5.0892,-81.1144,71.4,17.56
538,La Libertad,0,EC,2021-04-20 23:43:12,74,-2.2333,-80.9,80.6,9.22
539,Hamilton,75,US,2021-04-20 23:43:13,62,39.1834,-84.5333,55.4,12.66
540,Lichinga,40,MZ,2021-04-20 23:43:13,94,-13.3128,35.2406,59.0,6.91
541,Colonia Leopoldina,0,BR,2021-04-20 23:43:14,88,-8.9089,-35.725,77.0,4.61
542,Filadelfia,20,US,2021-04-20 23:40:09,35,39.9523,-75.1638,71.01,16.11
543,Biak,92,ID,2021-04-20 23:43:14,75,-0.9131,122.8766,79.93,3.69
544,Cayenne,90,GF,2021-04-20 23:43:15,94,4.9333,-52.3333,78.01,7.92
545,Port Augusta,0,AU,2021-04-20 23:43:16,71,-32.5,137.7667,55.99,3.44
546,Qujing,0,CN,2021-04-20 23:43:16,48,25.4833,103.7833,58.98,5.84
547,Kerema,99,PG,2021-04-20 23:43:17,79,-7.9631,145.7785,79.95,8.32
